Topic,Top Terms
Topic 000,startup,company,start,idea,new,product,get,way,tech,find,starting,will,manager,work,start-up,create,make,not,team,ideas,own,help,first,them,board,build,this,traction,need,plan,just,even,think,step,project,potential,join,employees,amazing,develop,making,funding,fast,our,fail,ways,working,wants,where,hire
Topic 001,entrepreneurs,first,idea,entrepreneur,did,start,startup,elon,musk,own,started,steps,get,starting,being,entrepreneurship,time,make,successful,key,after,company,want,his,teenager,was,startups,business,many,any,entrepreneurial,take,founder,made,paypal,faced,failed,growing,were,technical,protect,develop,david,quickly,mistakes,skills,risk,later,during,industry
Topic 002,startup,ceo,company,founders,co-founder,founder,give,their,any,much,know,combinator,equity,successful,succeed,going,has,actually,build,employee,they,need,deal,there,entrepreneur,trying,advice,cofounder,awesome,quit,become,more,run,dropbox,technical,all,and/or,both,b2b,non-technical,emails,rose,offer,but,patent,able,without,public,wrong,still
Topic 003,startups,startup,tech,early,successful,companies,company,out,industry,been,employees,start-up,work,stage,there,equity,its,their,founded,consumer,web,founder,technology,ideas,interesting,ceos,saas,hottest,scene,2013,top,did,fail,uber,much,cash,has,success,valuation,doing,many,big,offer,peter,examples,founding,failed,co-founders,dropbox,airbnb
Topic 004,brain,our,know,mind,thought,human,something,brains,die,memory,causes,happens,keep,thoughts,cant,memories,knowledge,thinking,but,cortex,things,them,true,any,not,instantly,vision,entertainment,produce,than,dreaming,across,dont,eye,process,visual,dies,possibly,surprising,utilize,feelings,single,sleeping,before,phase,its,perceive,lowest,processing,sometimes
Topic 005,research,scientific,scientists,field,working,paper,interesting,work,fields,secrets,focus,cognitive,alive,projects,theory,economics,use,enough,current,their,feel,aware,findings,change,data,tend,humanity,examples,group,papers,instead,implementing,goes,case,researchers,climate,articles,published,researcher,technical,frustrating,just,position,reading,money,general,surprising,could,richard,documents
Topic 006,brain,intelligence,they,end,well,consciousness,dreams,train,neuroscience,mean,human,think,their,theory,possible,remember,implications,neural,information,there,only,color,other,night,fast,own,give,blue,property,sleep,neuroscientists,this,work,been,study,artificial,areas,mind,red,immediately,conscious,mentally,talk,neurons,questions,systems,state,using,various,perception
Topic 007,ever,whats,youve,could,had,think,choose,thing,were,chance,only,someone,was,given,made,weirdest,wish,something,worst,across,never,seen,did,piece,has,sentence,been,know,advice,them,time,youre,stranger,come,biggest,craziest,again,say,want,strangest,knew,meet,any,embarrassing,tell,single,going,gave,experience,pick
Topic 008,wear,pictures,fashion,show,through,designers,put,office,startup,infinite,showcase,tips,together,lists,acceptable,ages,upcoming,judge,environment,predictions,paul,brands,european,clothes,vintage,women,ceo,dress,affecting,look,changed,prices,90s,purchase,designs,wouldnt,return,rent,natural,liked,productivity,canned,gotten,sri,internally,faith,clearly,set,toronto,hack
Topic 009,job,year,want,get,advice,career,out,give,position,engineer,student,mba,engineering,work,old,quit,better,software,graduate,not,careers,bad,b.tech,college,working,interested,but,offer,choose,mechanical,prepare,decide,role,resume,industry,ece,company,major,background,hired,leave,got,becoming,into,point,taking,joining,future,love,cgpa
Topic 010,thing,learned,ever,youve,whats,done,important,things,had,has,wish,lessons,lesson,taught,yourself,experience,worst,learnt,through,known,inspiring,useful,while,changed,before,valuable,happened,morning,playing,moment,rest,youd,were,experienced,applicable,scariest,personal,world,doing,believe,adult,say,dad,applied,talks,personally,first,last,five,was
Topic 011,were,happen,had,could,world,change,live,choose,country,all,today,they,into,look,billion,them,day,different,years,single,person,been,given,every,dead,back,take,asked,never,top,once,suddenly,even,everyone,ago,place,now,create,became,stopped,tomorrow,under,without,was,put,make,year,house,better,superpower
Topic 012,this,there,our,philosophy,any,philosophical,truth,not,world,possible,mind,knowledge,concept,being,today,human,ultimate,happiness,art,death,opinion,ways,universe,right,other,every,all,reality,different,anything,view,everything,things,two,explain,convince,actually,everybody,create,than,mean,question,fundamental,always,say,matter,live,could,side,practical
Topic 013,indian,indias,behind,being,south,mumbai,has,there,indians,tamil,overrated,not,but,delhi,such,still,gandhi,after,independence,any,post,every,did,country,will,really,politicians,hyderabad,his,down,their,local,better,been,mahatma,sardar,pakistanis,facts,national,know,state,was,australia,well,singh,than,kept,jokes,other,famous
Topic 014,iit,iits,colleges,students,iitians,indian,cse,iitian,institute,engineering,after,jee,get,campus,bits,better,other,placement,placements,bombay,than,institutes,think,quality,pilani,iiit,b.tech,has,m.tech,technology,kharagpur,rank,taught,nits,will,top,private,miss,class,profile,not,during,doing,this,iisc,program,only,year,nit,new
Topic 015,now,thing,has,time,live,right,things,something,did,were,last,feel,but,out,bad,today,was,been,doing,again,wrong,anything,could,will,die,not,had,thought,going,want,love,years,first,yourself,changed,knew,day,makes,real,proud,really,more,until,ever,way,made,still,every,biggest,being
Topic 016,language,many,english,languages,different,words,mean,speak,learn,know,but,foreign,any,german,french,choose,not,common,useful,other,type,national,than,everyone,learning,still,sanskrit,second,something,between,another,their,word,phrases,whose,characters,communicate,hindi,spoken,such,use,all,modern,names,either,irritating,e.g,person,first,mistake
Topic 017,words,word,first,comes,popular,there,meaning,phrases,short,mind,whats,expressions,ones,hearing,frequently,used,use,sheldon,same,sound,beautiful,purpose,thing,youve,cooper,bracket,means,vocabulary,heard,ordinary,easy,they,fancy,mean,less,any,probably,simple,totally,terms,change,smell,such,following,visually,physicists,conversation,term,badass,direction
Topic 018,book,books,read,reading,favorite,novel,fiction,written,ever,author,novels,line,harry,potter,was,all,pick,more,any,describe,short,favourite,dialogues,love,time,epic,before,than,not,great,start,really,textbooks,never,stories,but,interesting,worst,did,powerful,feel,lines,across,want,first,power,genre,dangerous,made,ayn
Topic 019,cook,cooking,pressure,cooker,dishes,before,recipes,between,make,way,use,quick,food,rice,chef,meat,cookers,chicken,better,beef,long,home,kitchen,keep,professional,fridge,tasty,pan,differences,italian,cooks,turn,green,chefs,need,take,attractive,time,help,tomatoes,high,bad,used,frozen,potatoes,homemade,egg,soup,slow,broken
Topic 020,food,eat,eating,not,taste,out,after,meat,foods,but,vegetarian,dish,rest,any,than,there,meal,longer,make,available,drink,week,they,room,cheese,without,whats,once,ice,chocolate,even,this,item,restaurants,butter,worst,sandwich,breakfast,stored,made,lunch,temperature,bad,non-vegetarian,while,cheap,cooked,love,making,milk
Topic 021,know,things,improve,dont,hacks,everyone,every,day,tips,cool,skills,but,habits,important,work,tricks,little,bring,great,ways,smart,single,before,useful,habit,daily,could,minutes,common,perfect,hard,now,way,get,more,quickly,right,just,make,small,made,done,myself,need,examples,developed,effective,benefit,bed,generally
Topic 022,app,iphone,apps,free,ios,list,find,store,new,use,screen,name,icon,where,their,behind,applications,under,all,remove,etc,whats,long,designing,take,approve,and/or,innovative,developing,user,application,offer,tricks,own,see,2013,native,apples,reviews,ads,ipad,choose,apple,dont,html5,same,running,maximum,design,feature
Topic 023,death,there,ethical,such,considered,were,thing,morally,100,way,penalty,they,even,wrong,arguments,worst,emotions,but,kill,act,past,immoral,alive,commonly,starving,child,justify,unethical,move,evil,ethics,study,decline,spirit,police,close,perfectly,minor,was,pure,legal,punishment,capital,inventions,current,person,transport,accepted,now,moral
Topic 024,society,not,think,decision,believe,important,has,entire,women,value,human,was,being,other,old,impact,ever,officer,country,speech,six,banned,total,our,system,form,negative,wearing,himself,happening,majority,lose,planet,different,myth,touch,especially,police,objects,mean,universally,each,could,made,carry,freedom,lie,add,secular,presence
Topic 025,china,chinese,chinas,feel,being,they,country,communist,their,south,living,mainland,korea,north,exactly,claim,hong,kong,taiwan,over,asian,place,while,between,win,war,advantages,government,think,square,policy,many,africa,faced,incident,tiananmen,disadvantages,world,tibet,occupation,accurate,military,conflict,support,around,part,democracy,party,take,defeat
Topic 026,design,makes,examples,awesome,creative,look,things,simple,there,designers,known,yet,interaction,better,difficult,work,designs,innovative,yourself,client,designer,thing,details,successful,visual,crazy,challenge,flat,effective,wish,invented,proud,hardware,style,equivalent,core,also,little,famous,terrible,going,popularity,were,regular,potential,everyday,positions,human,trend,chart
Topic 027,ever,time,all,was,whats,seen,youve,top,2013,thing,come,received,were,far,lines,out,consider,cricketer,cutest,saw,memorable,intelligent,course,relate,think,online,related,entrepreneurship,compliment,funny,presidents,sherlock,yourself,available,movie,title,holmes,opening,dog,comic,long,other,publicly,touching,heard,shots,channels,earning,book,each
Topic 028,person,think,met,ever,types,thing,alive,any,always,smartest,exist,made,today,never,geniuses,true,meet,known,world,same,famous,john,ancient,into,while,there,they,because,incidents,dustin,alone,affairs,state,realize,moskovitz,knowledge,mount,important,but,four,created,nuclear,impressive,photographs,personalities,citizenship,rest,was,energy,bought
Topic 029,human,think,actually,but,they,things,will,often,time,wrong,every,understand,down,dont,never,introvert,two,upon,turn,popular,beings,right,something,there,everyone,other,these,know,enough,public,others,used,value,told,gets,him,skills,lie,them,behavior,become,especially,strangers,long,usually,always,instinct,toughest,fellow,least
Topic 030,being,stop,others,they,make,other,someone,think,were,talk,conversation,makes,personal,too,nice,feeling,father,last,younger,ability,increase,avoid,because,face,any,use,cant,ridiculous,lose,skill,not,member,art,lonely,had,more,strong,sure,hardest,emotionally,believed,feelings,progress,responsible,social,was,differentiate,tried,extra,killing
Topic 031,feel,happy,more,really,just,than,others,their,this,makes,they,know,very,psychology,but,while,time,overcome,being,ones,has,themselves,less,something,making,dont,deal,worse,myself,change,lives,intelligence,try,those,not,dislike,everything,humor,kill,having,way,things,ideas,standing,person,out,opposite,doing,better,head
Topic 032,will,years,next,future,become,over,now,likely,big,world,going,see,last,look,come,100,coming,thing,take,still,after,billionaire,survive,decade,things,humans,ever,near,then,change,event,want,human,exist,obsolete,500,robots,events,race,humanity,into,around,back,predictions,terminal,1000,century,disruptive,automated,keep
Topic 033,venture,capital,vcs,funding,companies,pitch,round,raise,series,equity,technology,capitalists,much,did,angels,revenue,valuation,partner,seed,investors,firms,2013,deal,percentage,rounds,ventures,raised,their,such,angel,top,typical,billion,order,after,company,comparison,investor,investment,deck,associates,give,dilution,ipo,through,before,raising,become,profitable,hot
Topic 034,invest,investing,investment,year,start,way,money,old,where,stock,just,funds,over,ive,will,suggest,fund,hedge,invested,job,cheap,million,begin,2011,investments,savings,100000,index,years,whats,take,company,month,market,worth,were,all,paths,return,soon,little,defining,analysis,far,20s,now,net,effect,want,put
Topic 035,algorithms,algorithm,data,structures,used,given,tree,efficient,there,time,know,array,complexity,find,any,use,structure,problem,graph,all,text,explain,always,these,integers,again,popular,advanced,dynamic,explanation,way,topics,binary,using,solve,file,elements,implementation,very,efficiently,search,between,major,longest,sorting,trees,programming,where,practical,1st
Topic 036,aap,kejriwal,arvind,will,gandhi,bjp,rahul,politics,delhi,elections,2014,minister,think,vote,indian,congress,not,party,prime,aam,aadmi,becomes,has,against,this,election,did,was,kejriwals,politician,happen,sabha,kashmir,lok,join,seats,all,swamy,win,parties,government,nda,only,they,many,much,whom,modi,made,muslims
Topic 037,modi,narendra,kejriwal,arvind,gujarat,bjp,prime,think,minister,support,modis,not,his,aap,vote,has,supporters,corruption,election,candidate,riots,congress,win,development,corrupt,did,there,agree,him,power,general,was,scared,communal,its,bjps,leader,muslims,even,better,will,but,change,political,convince,comes,namo,between,because,criminal
Topic 038,technology,will,years,has,more,only,last,than,making,100,impact,overrated,technological,available,our,jobs,time,able,bill,next,steve,new,things,fascinating,gates,power,used,become,current,stripe,future,commercial,this,create,product,make,speed,two,advanced,ever,there,musk,elon,easier,decade,technologies,lives,less,changed,popular
Topic 039,science,true,not,there,scientific,theory,has,big,yet,nothing,field,believe,problems,been,any,other,universe,space,art,form,very,proven,greatest,expect,this,false,really,einstein,solved,feynman,everything,almost,just,energy,even,accurate,scientifically,went,few,facts,person,but,open,explain,such,cant,human,now,high,lab
Topic 040,marketing,did,first,get,they,customer,strategies,users,its,products,become,cost,campaign,manager,use,effective,sell,more,product,budget,market,company,slogan,metrics,important,same,zero,yelp,whats,front,new,practices,different,brand,strategy,attract,large,part,saas,them,service,customers,examples,services,there,build,acquisition,difference,junk,2013
Topic 041,hire,hiring,has,looking,uses,process,data,start-ups,interview,someone,been,talented,still,scientist,identify,offered,just,level,closed,programmer,she,employee,position,startups,him,early,employees,yahoo,interested,lead,relations,moment,true,whom,interviewing,product,stage,coursera,coolest,bother,founder,candidates,science,hires,disadvantages,consider,writer,recruiter,truly,military
Topic 042,school,education,high,students,courses,taught,student,teach,college,schools,online,teachers,study,their,educational,they,given,teacher,even,higher,waste,learn,having,must,dont,will,falling,interested,during,course,love,classes,future,all,open,year,level,studies,free,know,grade,never,sending,method,way,classroom,did,system,extent,art
Topic 043,degree,there,doing,not,worth,university,masters,study,engineering,any,college,pursue,pursuing,those,getting,science,universities,get,course,choose,students,computer,indian,courses,world,will,top,coursera,mba,gate,after,experience,stem,help,into,planning,degrees,harvard,advantages,education,worlds,between,elite,currently,studying,accepted,developing,possible,then,way
Topic 044,valley,silicon,startups,tech,hottest,top,companies,was,being,think,firms,work,2014,startup,upon,company,least,were,down,moving,2012,working,employees,experience,right,influential,perks,2013,ten,new,clean,now,salaries,consider,grads,feel,university,nowadays,community,top-tier,stanford,conference,road,combinator,bubble,pay,reputation,happens,get,intern
Topic 045,learning,machine,data,scientist,used,analysis,related,science,mining,projects,scientists,processing,between,artificial,project,companies,phd,algorithm,natural,statistics,applications,coolest,interesting,algorithms,practical,using,intelligence,difference,use,introduction,analytics,classification,know,set,distributed,systems,strong,ideas,need,deep,other,recommendation,want,applied,field,older,based,experts,build,really
Topic 046,software,engineer,engineers,engineering,companies,work,google,salary,developer,make,level,tech,their,much,years,starting,facebook,palantir,etc,development,mean,tcs,average,large,code,developers,become,company,whats,entry,technical,career,grad,bad,new,dropbox,job,out,will,experience,2014,typical,know,projects,apple,production,working,want,take,was
Topic 047,programming,code,programmers,learn,programmer,coding,competitive,problems,source,any,open,there,projects,become,start,skills,resources,problem,time,where,whats,take,while,ways,experience,make,many,want,dev,solved,not,bug,topcoder,top,solving,into,lines,find,knowledge,learning,write,solve,only,contests,first,codechef,hack,working,having,avoid
Topic 048,ios,apps,app,developers,application,mobile,build,developer,objective-c,average,development,find,launch,swift,iphone,where,a/b,into,available,use,versions,testing,native,learn,know,path,statistics,open,make,well-designed,long,square,api,install,per,develop,take,fee,source,using,create,guide,much,instagram,cost,possible,capable,scratch,access,percentage
Topic 049,apple,did,jobs,steve,apples,think,products,its,maps,top,company,much,not,siri,love,larger,employees,wrong,acquire,mean,behind,has,better,fail,patents,headphone,yet,been,logo,2013,many,different,may,was,use,than,tim,need,oracle,ios,relative,competitors,faced,since,genius,bottom,didnt,they,future,representation
Topic 050,parents,old,their,children,kids,year,they,were,think,right,them,age,did,whats,because,babies,okay,child,things,born,school,baby,let,daughter,son,encourage,girls,cartoons,told,send,get,explain,before,just,being,misconceptions,early,raising,parenting,believe,mothers,kid,years,mother,raised,mistakes,obsessed,point,this,biggest
Topic 051,math,mathematics,number,mathematical,numbers,physics,mathematicians,there,theory,many,all,problem,algebra,than,applications,real,concepts,understand,prime,get,describe,simple,calculus,explained,basic,geometry,pure,exactly,has,least,they,between,two,relationship,relevant,useful,proofs,solution,sum,problems,advanced,please,cube,practical,interest,maths,complex,find,linear,any
Topic 052,computer,science,major,get,programmer,skills,degree,program,student,topics,programming,data,systems,online,field,programs,vision,research,undergraduate,become,even,fields,hard,take,required,learn,related,currently,interested,pursuing,knowledge,kind,classes,needed,lectures,essential,theoretical,well,operating,master,those,all,difficult,technical,background,but,bachelors,opportunities,mathematics,decent
Topic 053,did,history,war,world,during,was,were,been,past,has,empire,today,changed,had,could,famous,historical,germany,time,never,its,oldest,hitler,much,their,wwii,century,become,person,roman,greatest,modern,led,won,civil,influential,independence,more,than,crimes,committed,events,second,suddenly,they,his,term,years,fight,not
Topic 054,world,history,greatest,biggest,was,happened,war,had,great,country,powerful,wrong,only,impact,were,countries,last,past,time,things,examples,but,all,different,throughout,fall,may,affected,instead,change,present,now,very,almost,field,common,few,yet,human,known,summarize,philosophers,military,victory,example,points,where,rise,into,khan
Topic 055,americans,worst,american,history,did,been,native,being,not,were,decisions,was,war,had,told,important,citizens,united,states,purchase,another,consequences,nation,presidential,supreme,black,america,lie,there,political,police,better,alaska,sell,ever,remembered,existed,lies,hiroshima,nagasaki,before,interesting,but,their,everyone,call,date,andrew,land,george
Topic 056,college,did,student,school,high,feel,stanford,mit,year,bad,advice,graduating,take,carnegie,berkeley,average,professor,going,attend,mellon,compare,being,first,after,leave,just,degree,give,needs,reputation,startup,address,successful,without,loser,institution,department,become,stay,school/college,recent,admissions,self,three,great,departments,home,around,joining,work
Topic 057,has,political,party,not,its,against,state,republican,was,public,arguments,were,been,other,become,since,politician,countries,say,east,mistake,politics,government,this,force,rule,north,way,nothing,policies,minimum,big,lost,ever,leaders,odds,threat,election,stand,there,any,biggest,telangana,hate,respond,libertarian,is/was,creation,democratic,changes
Topic 058,indians,indian,hate,misconceptions,their,things,they,biggest,not,proud,get,country,being,watching,brands,feel,make,abroad,bright,common,role,foreign,countries,mistakes,many,hindu,other,reasons,overrated,over-rated,youth,male,wrong,asked,despite,hands,away,world,among,etc,depressed,rest,own,produce,down,play,just,home,his,any
Topic 059,page,examples,future,way,brand,month,improved,quality,social,e-mail,agencies,campaigns,hard,score,marketing,could,see,klout,someone,compare,ibm,execute,virtually,all,guidelines,luck,review,whats,technologies,connect,gone,innovation,cover,paid,analytics,per,consultant,both,locations,store,measurement,small,particular,business,nicest,lose,request,where,images,drawbacks
Topic 060,internship,summer,2014,intern,interns,apply,get,facebook,2013,require,internships,during,tech,google,applying,letter,accept,major,cover,companies,essential,female,put,skillset,did,company,hiring,software,this,2012,working,perks,engineering,much,offer,startups,email,student,firms,engineer,offers,large,write,pay,zynga,their,bank,adobe,prepare,host
Topic 061,google,did,googles,search,facebook,companies,dropbox,their,larry,engine,get,etc,than,instead,work,use,will,product,was,such,mountain,view,senior,other,page,many,company,code,engineers,its,being,any,sergey,employees,manager,first,offer,more,products,join,dont,grads,apm,sundar,pichai,chrome,brin,interviews,before,low
Topic 062,design,ui/ux,designed,need,great,search,2014,interfaces,right,interface,reasons,manage,mobile,user,site,web,trends,its,left,popular,main,widely,growing,designer,patterns,well,color,create,apps,application,use,colors,kept,considered,engineer,crm,usability,beautiful,just,space,button,aaron,users,experience,background,problems,type,skills,return,books
Topic 063,design,web,websites,difference,between,resources,website,designer,page,developer,front-end,learning,become,where,pages,designers,biggest,designed,product,button,new,free,landing,download,build,great,generally,trends,end,learn,responsive,make,modern,portfolio,examples,present,worst,etc,2015,front,flows,avoided,features,find,images,art,beautiful,method,still,scratch
Topic 064,president,obama,u.s,think,2012,will,was,barack,consider,government,conservative,romney,did,liberal,constitution,2013,its,george,his,talk,federal,obamas,voting,election,israel,more,2016,mitt,republicans,conservatives,bush,vote,seem,today,paul,better,socially,office,american,abraham,presidential,reaction,become,politically,agree,running,laws,create,gop,recent
Topic 065,phd,graduate,student,program,top,grad,school,get,into,programs,ph.d,masters,getting,score,gpa,gre,research,schools,major,stanford,universities,science,than,chances,undergrad,phds,students,take,years,doing,accept,funded,their,admission,economics,university,offer,time,during,more,above,pursue,berkeley,typical,statistics,want,job,thesis,courses,normal
Topic 066,football,sports,greatest,facts,mind-blowing,moment,biggest,favourite,sport,player,professional,opinion,single,teams,many,soccer,players,known,cricket,all,lesser,not,time,till,was,been,made,describe,quotes,match,now,date,team,watched,one-liners,athletes,collapse,has,celebrity,star,nfl,gives,great,watch,level,country,global,but,respected,god
Topic 067,advice,want,not,give,person,things,their,dont,everyone,back,get,know,will,young,myself,regret,time,too,find,they,but,something,piece,hate,20s,three,over,his,out,anything,many,could,failure,everything,else,late,age,doing,this,world,years,deal,yet,family,really,fact,passionate,bad,fear,them
Topic 068,someone,tell,ways,very,fail,better,intelligent,even,smart,though,really,convince,lazy,told,mean,whether,must,react,stand,approach,common,girl,response,person,around,routine,achieve,generation,rarely,feel,advice,seen,cant,adults,than,quotations,comfortable,lies,respond,beautiful,treat,still,constantly,remind,achieving,interesting,goes,dont,interests,putting
Topic 069,great,literature,was,examples,his,fiction,greatest,works,written,once,stories,literary,never,worth,authors,where,quote,ever,nobel,piece,real,books,student,inspirational,reason,female,poetry,famous,still,longest,finished,ones,their,into,english,prize,order,read,complete,there,evil,confidence,says,statement,has,said,interpretation,fantasy,arent,huge
Topic 070,books,read,book,must,every,must-read,recommend,youve,start,novels,influential,whats,old,anyone,suggest,ever,year,learn,them,reading,beginners,want,classic,single,after,programmer,non-fiction,just,thought-provoking,worth,only,increase,and/or,top,ten,world,2013,atlas,articles,years,poker,reads,wanted,got,out,actually,months,enjoyed,fiction,harry
Topic 071,economic,economy,world,there,countries,its,wealth,problems,economics,debt,developed,poor,has,more,dollar,currency,where,will,low,been,facing,rupee,worlds,rich,very,than,other,national,every,true,happen,any,get,inequality,biggest,countrys,basic,scam,development,poverty,high,become,communism,were,billion,rate,without,everyone,this,waste
Topic 072,travel,places,visit,world,famous,country,get,around,interesting,london,traveling,where,buy,whats,flight,tourist,while,photographs,see,months,known,hotel,time,way,live,any,little,chennai,travelling,place,want,not,europe,unique,advice,spend,low,facts,enjoy,cheapest,amazing,goa,airplane,france,room,beautiful,little-known,living,bus,safe
Topic 073,day,sleep,long,health,every,after,get,hours,feel,reduce,too,water,without,not,than,hour,drink,more,drinking,night,much,tired,risks,risk,smoke,hurt,cause,safe,still,during,asleep,recipe,time,often,bed,whole,rest,really,face,harmful,through,lot,almost,fall,only,taking,countries,stomach,going,cancer
Topic 074,javascript,html,css,way,use,stack,jquery,html5,used,anyone,development,node.js,object,learn,times,basic,news,framework,angularjs,able,whats,necessary,language,scripting,google,using,server-side,order,client-side,achieve,only,fastest,web,know,jan,based,toolkit,yourself,pass,naming,commonly,mysql,return,function,method,accepted,wouldnt,libraries,has,side
Topic 075,programming,language,languages,learn,functional,other,level,programmers,over,know,main,haskell,any,use,will,java,its,future,weaknesses,step,than,development,scala,high,first,concepts,not,advantages,swift,easier,master,convert,well,using,erlang,beginner,coded,feature,object-oriented,into,new,personal,python,websites,primary,compiled,recommend,c/c,perl,love
Topic 076,movie,movies,film,ever,films,made,based,real,scene,watch,character,all,favorite,characters,were,watching,watched,scenes,time,actor,make,hollywood,was,memorable,great,did,fictional,their,think,dont,actually,has,quotes,villain,top,where,seen,not,accurate,club,oscar,than,star,performance,lord,never,rings,action,animated,christopher
Topic 077,indian,movies,bollywood,movie,actor,hindi,khan,made,think,actors,watch,hollywood,cast,recommend,there,ever,favorite,director,actress,played,industry,cinema,worst,film,has,shahrukh,actresses,every,must,role,whom,play,any,love,difficult,plot,commercial,remade,trilogy,ones,lead,them,overrated,character,watched,songs,same,iconic,versatile,shah
Topic 078,learn,way,learning,really,skills,hard,education,problems,things,teach,bad,find,easy,solve,year,difficult,someone,general,going,cant,less,understand,valuable,lot,yourself,memorize,person,information,fastest,could,ability,his/her,key,public,frustrated,resource,world,many,faster,each,years,need,interest,idea,material,classes,power,minutes,genius,online
Topic 079,web,development,use,ruby,online,rails,node.js,developers,learn,developer,projects,developing,using,framework,building,whats,open,website,php,beginners,backend,architecture,courses,built,application,platforms,language,github,based,project,frameworks,source,great,etc,applications,choose,disadvantages,api,flask,useful,library,take,frontend,place,and/or,macbook,app,setup,tutorials,implement
Topic 080,yourself,person,myself,become,keep,ways,personal,change,success,way,improve,thinking,better,time,grow,motivated,develop,positive,stop,something,self,working,expert,productivity,techniques,stay,situation,rid,ideas,studying,always,set,learn,get,habit,productive,make,while,motivate,changed,could,memory,own,failures,makes,thoughts,down,successful,19-year-old,remain
Topic 081,help,cancer,health,medical,system,doctor,person,out,care,effects,its,doctors,needs,milk,after,any,healthcare,his,save,her,bill,there,discovered,cut,school,feel,body,finger,universal,sick,causes,having,this,will,pain,was,die,depression,way,smoking,getting,public,deal,those,know,widely,taking,also,etc,known
Topic 082,facebook,mark,zuckerberg,did,facebooks,use,many,page,time,billion,acquisition,friends,instagram,groups,chat,was,profile,manage,users,its,employees,whatsapp,list,pages,not,feature,other,first,famous,down,worth,decided,over,current,add,actually,has,all,likes,internal,login,google,internally,timeline,realistic,took,find,after,compare,see
Topic 083,facebook,was,facebooks,did,take,working,engineering,product,google,employees,their,behind,while,acquire,whatsapp,hires,not,join,zuckerberg,park,companies,managers,mark,top,work,they,employee,menlo,eduardo,used,office,had,sell,away,initial,technology,salary,new,sheryl,original,privacy,offering,doing,center,award,questions,been,logo,director,500k
Topic 084,cons,pros,professors,academic,phd,academia,professor,common,physics,student,students,their,look,class,annoying,usa,think,getting,useless,papers,teaching,young,majors,tenure,under,paid,embarrassing,makes,paper,staying,slang,its,humanities,significance,pursuing,moocs,down,names,right,cannot,academy,they,done,according,work,time,ph.d,universities,recommendation,activities
Topic 085,university,college,top,students,mit,harvard,stanford,universities,schools,class,become,better,get,colleges,undergrad,league,study,ivy,into,all,grades,really,other,terms,caltech,school,where,europe,indian,berkeley,engineering,attending,prestigious,singapore,matter,could,produces,considering,undergraduate,hard,eth,zurich,princeton,faculty,try,out,list,graduates,moocs,important
Topic 086,car,tesla,cars,drive,sales,back,battery,buy,cost,event,value,front,advantages,available,self-driving,without,typical,where,day,pair,install,charging,looking,instead,motors,driving,interfaces,auto,selling,having,three,market,common,signs,attend,none,screen,making,but,impact,touch,buying,season,free,afford,formula,commission,control,whats,highway
Topic 087,companies,its,many,days,product,get,selling,leave,after,these,not,makes,square,acquired,than,they,card,different,their,early,approach,out,made,did,examples,were,difference,commonly,where,development,service,yahoo,industries,statement,total,company,started,sense,payment,between,ceo,target,expected,more,cost,dominant,decisions,mayer,marissa,never
Topic 088,finance,financial,investment,hedge,street,funds,wall,crisis,banking,make,industry,learn,get,fund,economics,important,quantitative,mistakes,account,2008,banks,job,firms,equity,whats,credit,his,long,renaissance,capital,private,bank,ways,these,information,into,global,did,companies,student,lessons,career,making,traders,during,involve,business,interest,getting,take
Topic 089,than,computers,use,better,not,much,cool,still,them,second,laptop,computer,enjoy,avoid,smarter,monitor,perform,similar,crash,purposes,already,way,functions,air,regions,pro,jobs,competition,cheaper,server,circle,super,information,high,now,connect,alternative,electricity,down,creative,cold,anyone,more,accounting,time,logic,box,storage,lesser,above
Topic 090,system,linux,process,kernel,operating,ideal,amazing,map,mean,share,2010,major,not,work,explain,server,i/o,changes,development,stopping,client,whats,made,completely,administration,team,hackers,market,then,email,worldwide,but,road,new,command,user,please,things,installed,researchers,tips,his,exchange,design,their,experts,without,follow,desktop,where
Topic 091,windows,mac,there,linux,less,solve,over,buy,problem,prefer,similar,did,often,after,dont,except,microsoft,hype,error,slow,software,something,way,end,using,pitch,them,scale,steve,hasnt,expensive,chosen,miss,getting,top,different,large,replace,please,willing,able,explain,engineers,but,same,photos,customer,opposed,promote,developing
Topic 092,cricket,sachin,indian,team,tendulkar,test,iconic,history,world,ipl,his,will,images,after,has,special,odi,dravid,player,match,produced,more,innings,according,indias,rahul,following,favourite,think,current,singh,great,captain,was,whom,2011,luck,watch,sachins,moment,ganguly,crazy,players,him,any,celebrate,break,day,record,randomly
Topic 093,android,app,apps,market,whats,get,examples,mobile,worth,must-have,there,getting,contacts,browser,common,cannot,non,allow,gps,doesnt,person,reviews,knowledge,deleted,retention,network,wi-fi,dessert,featured,technical,developing,route,play,behavior,try,package,hard,html5,second,currency,api,pitfalls,navigation,sites,chat,group,sizes,iphone/android,building,pay
Topic 094,show,television,characters,actors,men,play,cast,been,series,film,acting,they,character,real,role,success,game,did,mad,other,thrones,many,will,roles,shows,has,were,different,politicians,two,episodes,cable,scenes,named,ugly,season,think,far,work,feel,killer,greatest,sitcom,each,available,irritating,complex,led,crew,cons
Topic 095,series,character,shows,game,thrones,fictional,television,friends,watch,characters,mind,theory,bad,show,blowing,facts,any,big,bang,breaking,has,could,popular,not,episode,met,hbo,mother,scandal,similar,was,interesting,comedy,sherlock,there,season,missing,cast,veep,much,see,stories,common,date,such,happening,amy,watched,arrested,last
Topic 096,software,year,use,love,tools,per,salary,out,great,there,experienced,secret,but,consulting,option,job,status,factor,ever,instances,track,turning,support,context,complicated,phenomenon,railways,journey,display,felt,employee,prove,lakh,official,choosing,api,known,saving,native,myself,hardware,little,bangalore,california,mining,law,students,mankind,problem,tracking
Topic 097,quora,answers,has,questions,answer,users,question,many,get,credits,there,will,such,2013,interesting,need,them,not,their,topics,post,real,way,isnt,more,answering,make,community,asks,someone,been,than,did,wikipedia,anonymous,content,anyone,oliver,upvotes,quorans,any,see,helped,appear,use,making,here,emberton,its,think
Topic 098,quora,favourite,currently,worst,weird,top,whats,more,begin,off,five,normal,user,active,views,justified,program,purpose,writers,turned,public,incentive,cons,pros,words,large,hear,acceptable,wasting,ways,ias,decide,feature,mountain,officers,create,getting,stats,status,time,sole,nicest,presence,truths,worthwhile,cant,another,touching,endings,villain
Topic 099,python,php,learn,beginner,first,ruby,django,using,ide,language,based,there,better,written,over,scala,built,learning,start,programmers,think,still,features,python/django,applications,towards,developer,parts,experience,five,framework,tutorial,compare,any,now,more,this,matlab,scripts,choose,books,web,web-based,thoughts,preferred,computing,trend,12th,heavy,way
Topic 100,say,person,dont,things,than,any,them,seem,rather,they,become,doesnt,educated,tell,todays,without,make,care,another,normal,ones,youth,but,need,single,rules,meaning,tips,name,this,there,ego,home,differently,children,particular,affect,persons,lying,think,conversations,annoying,attitude,love,money,impress,other,spend,number,also
Topic 101,job,get,jobs,work,offer,after,this,feel,possible,degree,there,not,opportunities,manager,resume,youre,kind,doesnt,opinion,companies,female,quit,product,without,paid,type,many,bangalore,new,boss,positions,had,salaries,masters,because,bad,salary,completing,services,profile,person,almost,take,linkedin,ask,anyone,hiring,asking,respect,did
Topic 102,career,dream,many,jobs,has,but,age,job,program,change,coolest,excel,path,track,after,guy,paying,salary,manager,since,well,doing,choosing,getting,all,makes,end,not,wrong,highest,unique,growth,years,associate,pursue,levels,applied,chose,pay,interview,management,unhappy,working,technical,decision,had,focus,idea,location,corporate
Topic 103,business,model,make,revenue,models,startups,where,free,costs,money,pizza,handle,main,electricity,gas,much,their,plan,stream,services,they,cant,ingenious,large,ways,web,influenced,service,using,educational,regular,razor,paying,has,profitable,remain,off,club,changed,station,private,find,profit,next,but,key,had,collection,freemium,save
Topic 104,was,someone,get,those,legal,their,illegal,fair,fired,were,guilty,pay,allowed,prevent,getting,legally,think,days,they,account,property,true,rights,consistently,car,within,shoot,banned,because,michael,aside,square,order,trust,werent,enough,got,kids,body,fun,damage,paypal,where,register,mistake,owner,picture,there,department,quit
Topic 105,law,legal,has,been,all,not,court,marijuana,stories,prison,u.s,any,them,way,this,crime,under,visa,successfully,anyone,sued,other,age,gun,laws,andreessen,will,out,act,ever,illegal,whats,used,back,owns,issues,he/she,five,mass,another,represent,practices,between,without,difference,past,shootings,pay,someone,hurt
Topic 106,money,make,much,dollars,more,spend,way,million,ways,per,year,many,rich,earn,lot,made,their,without,month,save,into,worth,turn,happy,secret,10000,buy,50000,easiest,credit,get,just,need,enough,spent,all,not,sense,youre,easy,family,now,1000,than,usd,had,this,plan,black,amount
Topic 107,states,united,america,usa,americans,more,world,american,than,countries,u.s,nation,power,its,president,canada,living,could,many,wealth,rest,happen,wrong,things,dont,europeans,much,other,feel,stronger,not,seem,popular,think,winning,has,europe,they,arms,conquer,crimea,ways,police,west,russia,given,spanish,countrys,those,reasons
Topic 108,youtube,videos,channel,great,behind,all,comments,views,time,fake,loop,cant,viral,funniest,there,play,must-watch,block,partners,fever,api,quality,count,pixel,saved,methods,way,prefer,mike,instance,nit,available,wall,affect,inside,take,arent,drive,his,support,get,more,familiar,posted,news,long,tasks,much,roll,make
Topic 109,humans,evolution,has,our,reason,human,earth,evolve,living,species,evolutionary,forms,really,another,evolved,dna,theory,there,different,developed,look,not,were,more,did,this,intelligent,off,exist,planet,found,poor,organisms,creatures,their,organism,highly,proved,could,biologically,based,related,birth,didnt,taste,times,likely,nature,develop,beings
Topic 110,quora,did,using,feature,ask,its,answer,use,questions,choose,users,implemented,comments,doesnt,instead,adam,become,prefer,dangelo,different,search,find,over,going,quoras,fields,other,add,anonymity,tao,terence,their,controls,answers,time,text,infrastructure,make,ever,entry,work,sense,hell,ones,activity,where,tool,own,power,reddit
Topic 111,between,difference,culture,differences,country,american,cultural,exist,whats,century,21st,being,only,biggest,might,stories,ratio,shock,face,gift,may,outside,chinese,key,20th,weird,mumbai,europe,their,things,beliefs,african,foreigner,western,west,less,pas,faux,pakistan,any,win,reasons,strange,ended,lack,caused,traditions,singapore,make,link
Topic 112,physics,possible,space,time,energy,object,into,light,come,gravity,not,speed,two,same,his,did,just,all,equations,while,they,travel,was,relationship,string,equation,than,something,more,mass,universe,between,theoretical,could,quantum,amount,water,bullet,physicists,faster,doesnt,were,einstein,theory,zero,newton,distance,earth,force,objects
Topic 113,engineering,after,feel,make,were,something,bachelors,not,want,change,share,unlimited,useful,awesome,university,havent,comeback,idea,supposed,dream,topic,team,engineers,used,come,core,worst,products,their,houses,leaving,previous,graduation,indian,interesting,machines,appear,had,flaws,branch,compare,contribution,difference,cards,missing,anything,geek,area,innovative,realized
Topic 114,website,websites,sites,unique,much,besides,high,person,there,use,review,cost,make,build,features,sign,only,but,rates,quality,trip,wikipedia,conversion,rate,find,hosting,whats,traffic,distribution,memorable,designs,basis,tag,airbnb,any,limited,goodreads,time,long,creating,photo,apache,bored,web,generate,option,strategy,radically,database,july
Topic 115,work,working,hours,was,day,week,first,where,very,better,there,started,actually,looking,horror,than,favorite,mind-blowing,technically,well-known,get,ways,bitcoin,policy,been,average,dedicated,motivate,recruitment,success,employees,rather,habits,them,south,something,has,square,hundreds,today,concentration,burnt,yahoo,google/facebook,profession,knowledge,anywhere,earn,millions,currently
Topic 116,social,network,linkedin,networking,news,out,sites,feed,facebook,behind,popular,networks,find,better,big,etc,site,drop,graph,foursquare,story,makes,yelp,cms,now,fish,whats,reviews,building,figure,largest,top,users,flipboard,posts,use,media,calculate,practices,size,scaling,tips,quora,someones,django,yourself,addictive,online,motivation,dominant
Topic 117,japan,japanese,did,didnt,think,they,got,atomic,really,sushi,usa,instead,drop,found,codes,influence,his,chinese,bomb,also,anime,germany,10x,battle,military,tokyo,before,east,different,become,these,missing,world,its,global,hate,served,outside,past,western,trying,much,started,ussr,beat,week,fruits,run,worth,recent
Topic 118,mobile,there,app,apps,any,popular,encountered,similar,whatsapp,all-time,issues,address,did,exist,problems,increase,manage,using,written,more,successful,number,over,resources,desktop,ubuntu,stack,other,jquery,could,make,development,much,made,than,firefox,they,pick,phone,technology,text,want,lot,unemployment,great,yet,not,promoted,learn,solve
Topic 119,taken,photos,photo,look,all,whats,instagram,pictures,images,central,sky,camera,amazing,around,photography,photograph,capture,eye,exposure,magazine,management,basics,more,bizarre,liked,employed,controversial,software,ever,mac,depicting,published,three,selfie,taking,point,left,view,get,stars,techniques,orange,popular,long,negotiation,showcase,public,affected,hashtags,weirdest
Topic 120,restaurant,restaurants,meal,expensive,favorite,dinner,actually,standard,much,whats,many,kitchen,often,could,buy,websites,cost,percentage,peeves,find,easiest,pet,famous,hair,menu,worldwide,show,service,their,snacks,pass,tricks,table,database,profitable,bigger,reserve,fast,locations,different,picture,where,fine,long,five,experience,equivalent,store,star,differentiate
Topic 121,war,did,not,country,russia,pakistan,attack,other,nuclear,countries,china,has,its,want,superpower,between,edward,snowden,military,doesnt,but,peace,such,was,nations,didnt,happen,against,korea,iran,north,all,ukraine,weapons,actually,fear,this,states,already,allow,awareness,world,international,same,united,likely,events,incident,2013,grow
Topic 122,child,her,not,children,kid,tell,his,she,first,has,this,parent,teach,know,kids,complete,family,having,love,man,name,say,wife,decide,daughter,could,year-old,birthday,long,baby,want,had,very,son,thinking,him,cant,young,peoples,been,now,under,self,third,into,just,younger,14-year-old,10-year-old,any
Topic 123,interview,questions,interviews,prepare,question,job,ask,asked,answer,product,this,during,whats,after,technical,important,expect,way,manager,kind,been,position,candidate,low,code,programming,pen,toughest,interviewer,common,having,study,hardest,pass,rejected,puzzles,correct,difficult,committee,potential,crack,developer,give,tell,sell,onsite,dress,impress,last,serious
Topic 124,much,advertising,cost,time,times,their,run,influential,all,industry,ads,revenue,creative,say,agency,common,campaigns,because,make,companies,billboard,click,advertise,advertisement,drugs,did,media,generating,wars,hindu,period,year,posters,prior,opinions,will,truly,break,end,were,phenomenon,millions,single,honest,order,understand,biggest,generate,totally,place
Topic 125,blogs,practices,follow,promote,tech,recommended,get,information,blog,press,read,send,managers,over,regularly,online,podcasts,inspiration,bloggers,reading,content,button,latest,quant,slowly,addiction,sites,found,written,startup,updates,new,preferably,publications,ten,daily,articles,must,contact,examples,following,note,ideally,entrepreneur,blogging,list,simultaneously,medium,product,see
Topic 126,animals,other,any,animal,there,arent,more,two,cats,make,large,size,dangerous,army,dont,mind-blowing,cat,group,trees,qualities,wild,possess,intelligent,species,lion,will,take,surprising,young,aggressive,eaten,track,while,water,separate,seriously,human,stars,type,creature,touched,showing,quoran,scariest,dead,quorans,initiative,stay,dogs,pointer
Topic 127,music,song,songs,awesome,listen,sound,head,musical,listening,favorite,band,musician,original,digital,just,pop,artist,bands,classical,score,out,enjoy,dance,off,rock,into,too,movie,metal,artists,many,get,video,worst,happiest,known,while,single,pieces,passive,watch,profound,great,over,line,embarrassed,heard,new,strongest,beat
Topic 128,data,terms,laymans,random,intuitive,truly,probability,statistics,analysis,mean,explanation,use,big,independent,set,behind,science,define,matrix,statistical,method,calculate,zero,number,coin,two,examples,numbers,generate,complex,possible,not,covariance,regression,scientists,but,case,sets,statisticians,between,svm,scale,methods,ways,real,event,times,pdf,relation,also
Topic 129,social,media,use,tools,has,create,all,image,view,tumblr,khosla,original,post,idea,using,facebook,engagement,wall,links,reddit,uploading,into,tool,find,brand,vice,beginning,vinod,commerce,via,role,servers,source,linkedin,its,services,bad,sentiment,free,end,site,value,crm,etc,less,other,regard,page,building,messages
Topic 130,top,blog,tumblr,posts,blogs,new,mean,follow,created,phrase,make,where,website,silly,thinking,list,publish,tier,audience,themes,consider,discover,things,onto,may,jump,appeal,http,there,contact,program,blogger,traffic,active,drive,james,after,programming,business,page,remove,later,brand,content,explore,more,building,found,interesting,soundtracks
Topic 131,wordpress,whats,way,better,set,own,site,platform,alternative,charge,existing,theme,thesis,website,simple,blogging,into,post,easy,reader,posts,viable,facebook,http,tumblr,specific,framework,category,promoting,pleasures,display,reservation,stress,social,lyrics,automatically,lately,pull,campaign,publishing,develop,homeless,page,much,ignore,dhoni,span,graphic,10x,underrated
Topic 132,write,writing,story,writer,stories,short,writers,two,written,message,could,letter,want,success,change,famous,trying,article,novel,whats,1000,sentences,where,first,difficult,wrote,into,great,published,found,follow,quotations,list,author,words,bottle,each,original,between,much,expect,magazine,tips,accept,name,sea,come,note,just,fans
Topic 133,android,phone,google,will,not,samsung,galaxy,windows,did,device,ios,sandwich,available,doesnt,get,ice,nexus,duos,robert,platform,files,blackberry,release,into,cream,htc,backup,scoble,while,more,version,each,camera,choose,much,tablets,better,support,out,instagram,mobile,charge,next,apps,but,copied,macbook,itunes,smooth,create
Topic 134,new,city,york,nyc,living,where,live,than,interesting,find,rather,advantages,bridge,2012,action,los,angeles,versa,nyu,vice,without,manhattan,less,know,better,reputable,hill,town,wins,this,wanted,being,environment,street,currently,toronto,company,way,didnt,technology,anywhere,drive,citizens,liberal,tips,reason,all,down,developer,bootcamp
Topic 135,area,bay,francisco,san,place,startups,based,shortest,salary,unusual,average,alto,palo,where,commute,major,places,documentaries,taking,base,culture,bonus,raise,using,things,waiting,dark,buy,find,offering,near,has,savings,around,150000,terms,developers,way,realistic,production,strong,cards,stock,2012,enough,software,regret,home,look,hate
Topic 136,world,2014,cup,beautiful,football,fifa,win,final,team,goal,germany,league,moments,was,inspired,premier,brazil,greatest,title,this,sporting,scored,support,ticket,completely,soccer,ever,fans,did,game,part,disappointing,match,history,changed,ronaldo,after,argentina,seasons,between,play,season,top,dream,mind-blowing,liar,going,their,while,agree
Topic 137,iphone,way,all,doesnt,there,email,will,off,contacts,work,data,turn,without,whats,release,messages,via,name,downloaded,create,out,accounts,upload,sms,use,text,multiple,allow,get,still,run,come,offline,delete,siri,send,seem,but,transfer,save,app,event,many,sync,set,show,memory,voice,camera,users
Topic 138,ios,app,itunes,did,new,snapchat,there,without,devices,apple,features,push,being,fix,only,bad,sdk,notification,released,library,battery,way,imessage,their,gmail,sent,account,notifications,apps,spotify,live,over,keep,other,october,application,possible,device,screw,exchange,beta,get,alternatives,space,using,lock,list,doing,files,date
Topic 139,ipad,apps,make,iphone,possible,iphone/ipad,app,better,devices,characteristics,touch,ios,safari,there,will,engine,support,sync,application,usb,format,other,ipod,chrome,games,verizon,kindle,only,download,activity,calculator,pdf,play,retina,than,compete,express,sales,keeping,time,done,computing,keyboard,display,mac,power,diary,figures,electronic,calendar
Topic 140,were,examples,humans,other,animals,major,use,living,results,come,often,biology,than,close,lifetime,their,they,around,system,created,protect,eyes,give,left,earths,develop,all,insects,manage,inventions,disadvantages,but,species,see,common,advantages,earth,water,equivalent,many,evolved,greater,considering,double,sciences,running,before,evolve,level,any
Topic 141,british,say,left,hand,full,england,reasons,traffic,contributed,time,flow,road,britain,ruled,notable,did,1947,prince,text,greatly,more,cold,king,etc,purchase,books,cells,allowed,starting,rule,ability,isnt,follow,right,society,instead,few,countries,real,fail,development,biography,singer,lyrics,hello,their,1-2,traction,layout,former
Topic 142,human,body,long,take,possible,then,this,amazing,its,facts,our,cause,blood,each,cant,all,cells,same,see,resistance,drink,cold,eyes,order,discovery,killed,start,control,atoms,yes,not,red,choice,things,given,correlation,simultaneously,bit,suffer,way,weather,replaced,distance,cool,oxygen,deep,bar,inside,own,raw
Topic 143,really,cry,kind,make,picture,seen,emotional,both,laugh,nothing,sad,give,ever,deepest,happy,day,emotion,saddest,easily,pain,touched,youve,mean,example,place,frustration,having,cope,experienced,works,coffee,anger,visit,too,made,half,form,break,theyre,paying,worthwhile,spend,goosebumps,idea,george,bond,poor,cup,population,physically
Topic 144,ever,heard,funniest,youve,quotes,seen,thing,read,favorite,funny,things,said,story,ridiculous,could,names,whats,say,has,fun,any,quote,badass,stories,been,lived,times,lines,wisest,someone,face,done,clever,cartoon,joke,sarcastic,worst,witty,wittiest,amusing,watching,army,messages,smartest,superhero,matter,moments,answers,meaningful,oscar
Topic 145,twitter,facebook,did,tweets,twitters,there,jack,tweet,dorsey,share,etc,group,followers,account,under,follow,foursquare,tool,evan,has,way,those,any,many,all,such,insights,days,talent,official,discussions,sentiment,his,count,and/or,between,given,everybody,doesnt,linkedin,celebrities,value,product,within,url,voting,google,mentions,hashtags,personalities
Topic 146,business,current,profit,still,kind,sense,small,could,not,run,domain,markets,make,sales,really,looking,whats,his,removed,dead,failure,greatest,traits,old,skill,capital,all,name,story,billionaires,companies,avoid,successful,lead,franchise,around,necessary,our,case,creating,setting,investment,cards,person,launch,hot,terms,relatively,skills,communication
Topic 147,startup,product,way,project,build,forward,market,various,factors,move,makes,early,management,growth,terms,idea,day,start-up,going,maintain,i.e,without,first,minimum,customer,size,whats,strong,person,fit,decide,follow,want,any,features,internet,success,lean,execution,viable,revenues,problem,users,hacker,application,stage,least,solution,team,defines
Topic 148,english,sentence,word,language,did,mother,improve,words,their,funny,native,stop,phrase,using,where,way,skills,speaker,tongue,errors,not,old,understood,courage,any,other,outside,speaking,proper,meaning,too,originate,speakers,everything,this,add,common,could,french,become,non-english,come,there,time,learn,reason,gain,term,just,pilots
Topic 149,government,stop,being,their,right,governments,know,happens,state,his/her,private,think,achievements,negative,correct,they,defense,citizen,quorans,programs,needed,express,somehow,might,not,portion,want,then,nation,introduce,failed,fdi,contact,wouldnt,during,intelligence,positive,decades,low,sector,passing,test,concerns,get,put,principles,bitcoin,every,interest,adding
Topic 150,web,top,applications,alternatives,websites,working,definition,developers,build,php,whos,community,tools,users,delivery,clever,events,content,methods,singapore,active,key,framework,off,today,recommend,site,boston,calendar,essential,task,outdated,chat,any,rails,monthly,considered,social,famous,networking,designs,developer,management,firm,develop,development,evernote,five,functionality,expect
Topic 151,video,game,games,made,story,use,play,much,was,playing,modern,typical,develop,forever,binary,2011,many,minecraft,xbox,intellectual,moments,into,image,childhood,fun,did,pack,operations,memory,part,has,condition,two,waste,teach,free,human,cost,levels,zombie,highway,inch,earlier,simulation,suggestions,per,there,strategies,pass,principles
Topic 152,other,greatest,use,smartphone,buy,price,without,between,than,range,within,much,inr,any,smartphones,service,instead,more,voice,smart,again,end,wi-fi,i.e,stores,difference,leading,lost,battery,regain,comparable,ram,historys,distinct,non-technical,usb,10k,medium,back,gps,position,phones,pleasures,through,thing,cheaper,market,25000,camera,high
Topic 153,san,francisco,living,live,over,within,moving,cities,choose,between,california,santa,palo,drive,there,secret,any,alto,park,angeles,los,time,salary,cons,make,pros,next,city,car,angry,after,types,workers,finding,internship,compare,transportation,particularly,ron,much,particular,signs,south,going,seattle,unusual,events,commute,tech,move
Topic 154,seo,exactly,affect,result,sources,analytics,doing,search,algorithm,tools,googles,dead,stack,high,will,website,overflow,specifically,someone,legitimate,overall,sites,competitor,provides,rankings,else,kind,pro,track,such,button,creation,really,provide,options,actual,results,achieve,outsourced,detail,online,using,content,wordpress,service,big,look,training,long,exciting
Topic 155,average,much,rate,meeting,using,users,ads,competitors,asia,benefits,whats,usa,drawbacks,advertisements,conversion,promoted,space,side,makes,and/or,google,year,cpc,link,tiny,created,cost,charge,europe,internet,application,platform,april,michael,companies,product,email,over,demand,around,free,receive,world,url,video,considered,through,budget,taken,typical
Topic 156,companies,recruiting,find,join,look,hiring,technical,make,salary,yourself,topcoder,recruiters,person,recruit,fresh,brilliant,tech,company,candidate,graduates,just,engineers,honest,where,threat,non-technical,top,evaluate,employee,talent,percentage,highest,dean,jeff,team,too,technology,full-time,applicants,contribute,compared,youngest,offers,systems,distinguish,offer,freshers,see,bonuses,hired
Topic 157,trading,being,goldman,sachs,any,options,look,day,such,stock,used,trader,did,system,algorithmic,many,there,typical,high,started,fund,possible,strategies,gold,value,great,lose,documentaries,architecture,london,big,traders,frequency,hedge,online,automated,against,billion,difficult,historical,banks,investment,where,underlying,their,perform,allow,price,managers,find
Topic 158,stock,market,price,stocks,into,recent,2014,share,ipo,start,buy,reason,buying,behind,individual,understand,warren,did,expect,factors,fall,2013,past,markets,investing,will,before,shares,rapidly,crash,months,predict,everything,rise,during,buffett,currently,beginner,learn,online,beginning,again,massive,undervalued,indian,led,actual,exchange,investor,turn
Topic 159,experience,user,design,interface,designer,process,redesign,become,designers,important,learn,resources,principles,ux/ui,change,philosophy,courses,onboarding,quotations,vision,notable,part,logo,examples,buttons,prefer,senior,prospective,blogs,ive,quickly,look,elements,work,focus,hourly,evaluate,rate,better,beginners,reasonable,practice,their,leader,those,push,meaningful,profession,consider,software
Topic 160,earth,see,universe,sun,days,our,could,moon,was,away,way,planet,light,into,around,there,past,system,planets,solar,speed,2013,same,initially,takes,another,week,space,milky,stars,other,further,fall,years,complete,its,created,where,mirror,year,were,revolution,determines,theories,side,west,ever,always,towards,established
Topic 161,ways,online,effective,marketing,strategy,traffic,website,new,get,acquisition,growth,list,way,without,grow,internet,resources,launched,web,personal,pinterest,significant,budget,consumer,digital,gain,generate,free,interesting,seo,site,doing,been,per,hacking,develop,customer,visitors,great,spotify,innovative,user,pages,proven,market,brands,behind,bring,launching,article
Topic 162,indian,startups,bangalore,online,delhi,company,etc,startup,card,sites,net,limited,payments,using,especially,their,customers,happens,day,between,ecommerce,they,terms,details,rates,such,call,all,difference,enter,opening,also,back,time,capital,space,other,future,cons,pros,solutions,span,laws,websites,welcome,tend,significance,generation,upcoming,derived
Topic 163,microsoft,companies,google,tech,facebook,big,there,etc,compare,work,ceo,bill,their,employees,gates,called,been,microsofts,placed,office,giants,bing,sde,adobe,take,products,against,typical,was,major,level,compete,2013,want,next,percent,two,other,press,salary,newly,much,surface,interviewing,amazon,these,think,salaries,top,get
Topic 164,java,learn,know,code,using,isnt,use,possible,implement,recursion,play,data,already,framework,worth,than,iii,faster,getting,could,lines,python,exists,stronger,structures,plan,virtual,bugs,implementation,picture,exam,month,hard,chrome,ways,oracle,net,shown,appeal,programmer,values,allowed,variable,master,model,its,harder,list,attention,blow
Topic 165,investors,angel,investor,deal,equity,convertible,potential,financing,angellist,meeting,due,between,seed,fund,get,questions,vcs,note,email,founders,prefer,reasons,early-stage,way,difference,capitalist,entrepreneur,ask,bubble,raising,structure,invest,they,normal,this,top,take,asking,super,there,diligence,sheet,ron,term,steps,value,e.g,preferred,project,funds
Topic 166,world,time,travel,first,international,things,before,visiting,has,every,place,going,their,shocking,trip,unexpected,country,anyone,single,travelers,never,meet,couple,least,encounter,stay,vacation,baffling,italy,visited,number,this,germany,planning,held,top,see,themselves,festivals,plane,location,handle,usd,both,two,woman,passport,days,europe,once
Topic 167,online,e-commerce,sales,ecommerce,flipkart,increase,platform,create,coolest,buy,retailers,methods,get,website,product,retail,sites,amazons,different,average,rate,involved,reviews,profit,niche,performance,things,websites,around,innovative,offer,shopping,products,over,will,site,view,trends,margin,they,selling,losses,point,examples,grown,factors,post,profitable,start,invest
Topic 168,depression,mental,part,having,way,any,cant,physical,illness,want,lack,hardest,whats,really,issue,intelligence,nature,chemical,ruin,inherently,psychological,sign,syndrome,wake,sex,improving,aspergers,mostly,potentially,could,else,cycle,cure,maximize,connection,accomplished,condition,tricks,focus,confused,mind,killer,difficult,lifestyle,achieve,satisfying,fantasy,result,just,circumstances
Topic 169,amazon,work,companies,google,etc,feel,flipkart,culture,tech,practice,worst,microsoft,differ,company,fresher,has,kindle,having,directi,bangalore,among,entering,glass,balance,day-to-day,performance,well,different,creator,adobe,such,fare,help,than,measure,llc,ibm,amazons,interview,intel,year,given,their,experience,high,higher,book,against,years,advantages
Topic 170,real,house,buy,even,down,home,estate,afford,outside,where,own,rent,world,not,cities,great,high,without,though,agent,worlds,cannot,surprised,largest,they,usd,typically,apartment,keeps,price,control,things,increase,buying,anyone,thats,five,kind,ghost,quit,residential,2013,paying,everyone,check,will,modern,center,million,long
Topic 171,successful,business,small,businesses,start,biggest,ideas,challenges,service,entrepreneur,multiple,important,new,capital,500,sales,know,cloud,software,handle,whats,enterprise,angry,appeared,accounting,offers,saas,mistakes,medium,owners,tools,shark,tank,reputation,free,towns,bit,earn,failing,rates,account,reaction,bank,secret,never,useful,working,tax,owner,4000
Topic 172,healthy,food,foods,bad,much,too,make,hot,water,will,everyday,instant,rice,unhealthy,diet,eat,whole,person,banana,salt,oil,healthiest,while,ingredients,need,its,whats,quality,happen,there,healthier,brown,breakfast,nutrition,ensure,death,normally,eating,health,protein,blood,reduce,great,fear,true,highly,trader,afraid,saying,add
Topic 173,more,than,powerful,base,there,electronics,given,same,working,higher,will,drives,companies,electrical,engineering,started,gives,tablet,charge,hub,much,come,supply,frequency,jobs,remarkable,amount,explains,course,provide,run,platforms,led,hard,dangerous,totally,korean,still,south,growth,screen,among,giants,core,visas,student,morning,after,global,govt
Topic 174,internet,will,free,web,jimmy,spend,time,access,services,think,wales,online,after,much,come,engines,next,share,down,giving,use,happen,taking,stuff,trend,content,search,celebrity,similar,everyone,creativity,texas,lives,need,bill,advantage,called,real,average,shut,percentage,make,connection,there,threats,large,loss,seen,view,failed
Topic 175,interesting,favorite,facts,different,there,point,water,whats,fire,chemistry,proof,types,lower,solved,open,could,fundamental,glass,stable,square,theoretical,names,field,solutions,air,this,freezing,materials,blue,give,across,unsolved,chemical,temperature,white,physically,ice,much,stored,process,cannot,table,disappear,happens,anything,viral,add,article,its,prevent
Topic 176,friends,friend,few,recently,out,want,room,has,this,just,got,lot,tell,while,her,talking,among,isnt,individual,taught,studying,required,sensible,stopped,respond,until,months,say,circle,havent,appear,cannot,them,win,hospital,screenwriter,made,starts,lots,medical,sitcom,instead,talks,ghost,heard,desperate,money,failing,happy,care
Topic 177,want,salary,live,ways,years,before,old,month,become,bank,spend,million,100k,year,get,buy,happiness,monthly,income,dollar,return,annual,money,22-year-old,each,between,account,save,need,100000,gave,spending,rates,started,millionaire,less,retirement,around,free,worthy,savings,interest,through,pune,earn,able,hand,per,use,worth
Topic 178,phone,compared,own,cell,mobile,phones,use,get,while,smartphone,nokia,whats,u.s,buy,micromax,their,its,samsung,obama,way,sold,touch,grown,kind,price,reliable,basic,primary,gas,did,reasons,currently,been,cheapest,stop,date,before,expensive,his,walk,offer,regain,provide,leading,terms,speed,plan,around,co-founder,screen
Topic 179,get,better,daily,exercise,weight,without,after,personality,fitness,stay,running,gym,before,eat,important,while,training,basis,muscle,workout,into,attention,yourself,extremely,loss,gain,health,plan,heavy,physical,exercises,shape,provide,busy,goal,optimal,protein,oneself,public,six,any,drawing,differences,home,log,someone,light,beauty,able,tracking
Topic 180,example,nobody,generally,wants,admit,bal,true,reservation,underrated,textbook,something,sarcasm,communism,sri,skype,stimulating,admire,dialogue,abstract,characterize,teenagers,under-rated,sentence,looks,introductory,intellectually,founded,dhoni,settings,donald,figure,perkins,knows,proposed,bitter,knuth,pleasure,truths,trait,inspires,puns,brings,minds,tipping,eigenvalues,sucks,overrated,iphones,theorem,suck
Topic 181,firm,dying,professional,profession,creative,long,highly,revolution,outsource,assuming,everything,job,period,larger,effects,smaller,considering,prepare,help,choosing,possibility,discipline,aspiring,ban,advertising,else,underrated,same,topic,example,even,hadnt,e.g,testing,choose,stick,brief,utter,deeply,suits,2015,academia,destruction,tim,term,approaches,fancy,industry,respect,green
Topic 182,much,pay,rich,tax,income,more,paid,person,used,taxes,dont,simply,wealthy,making,median,forced,than,technologies,home,loan,says,flat,considered,rate,efficient,nick,said,use,receive,paying,boy,consumption,lower,funding,emergency,walk,not,raise,first,after,current,city,insurance,llc,systems,working,through,enough,economists,health
Topic 183,diet,more,water,much,take,value,cant,fat,dont,their,only,benefits,bread,drinking,tea,include,often,minutes,healthy,milk,there,get,nutritional,lose,matter,stay,change,day,meals,just,shake,seriously,constant,supplement,sugar,this,protein,daily,will,three,becoming,them,they,instead,tips,all,eat,adopt,vitamin,around
